date,temperature,humidity,precipprob,snow,wind_speed,visibility,conditions,description
2023-01-01,32.1,82.0,0,0.3,6.9,9.2,Partially cloudy,Partly cloudy throughout the day.
2023-01-02,28.4,97.6,100,4.4,6.9,4.1,"Snow, Rain, Overcast",Cloudy skies throughout the day with rain or snow.
2023-01-03,22.1,91.3,100,0.0,5.7,9.3,"Snow, Partially cloudy",Partly cloudy throughout the day with afternoon snow.
2023-01-04,22.2,71.2,100,0.0,8.6,7.9,Snow,Clear conditions throughout the day with afternoon snow.
2023-01-05,23.0,63.4,0,0.0,6.9,9.9,Clear,Clear conditions throughout the day.
2023-01-06,31.5,58.9,0,0.2,5.7,9.9,Partially cloudy,Partly cloudy throughout the day.
2023-01-07,31.5,69.8,0,0.0,7.5,9.9,Clear,Clear conditions throughout the day.
2023-01-08,34.6,55.2,0,0.0,18.4,9.9,Clear,Clear conditions throughout the day.
2023-01-09,42.1,43.4,0,0.0,18.8,9.9,Clear,Clear conditions throughout the day.
2023-01-10,43.0,48.3,0,0.0,36.0,9.9,Clear,Clear conditions throughout the day.
2023-01-11,34.0,88.0,0,0.8,9.2,6.7,Overcast,Cloudy skies throughout the day.
2023-01-12,31.6,85.9,0,0.0,5.7,6.7,Clear,Clear conditions throughout the day.
2023-01-13,35.9,61.2,0,0.0,4.6,9.9,Clear,Clear conditions throughout the day.
2023-01-14,47.2,41.9,0,0.0,17.4,9.9,Clear,Clear conditions throughout the day.
2023-01-15,39.0,60.3,0,0.2,13.4,9.9,Partially cloudy,Partly cloudy throughout the day.
2023-01-16,34.4,75.7,0,0.0,6.5,9.9,Partially cloudy,Becoming cloudy in the afternoon.
2023-01-17,30.6,80.3,100,6.6,6.9,7.9,"Snow, Partially cloudy",Becoming cloudy in the afternoon with late afternoon snow.
2023-01-18,27.6,93.2,100,8.8,17.2,4.4,"Snow, Rain, Partially cloudy",Partly cloudy throughout the day with rain or snow.
2023-01-19,26.9,53.9,100,0.0,10.4,9.9,"Snow, Rain",Clear conditions throughout the day with morning rain or snow.
2023-01-20,25.5,61.0,0,0.4,3.4,9.9,Partially cloudy,Partly cloudy throughout the day.
2023-01-21,26.0,66.8,100,0.1,9.0,8.9,"Snow, Partially cloudy",Partly cloudy throughout the day with afternoon snow.
2023-01-22,30.8,53.5,0,0.0,6.9,9.9,Partially cloudy,Partly cloudy throughout the day.
2023-01-23,29.2,78.0,100,1.6,8.0,8.7,"Snow, Rain, Overcast",Cloudy skies throughout the day with rain or snow in the morning and afternoon.
2023-01-24,27.3,71.9,0,0.4,5.7,8.6,Partially cloudy,Partly cloudy throughout the day.
2023-01-25,27.7,50.9,0,0.4,8.1,9.9,Partially cloudy,Partly cloudy throughout the day.
2023-01-26,32.3,30.3,0,0.0,18.9,9.9,Partially cloudy,Becoming cloudy in the afternoon.
2023-01-27,36.7,40.8,0,0.0,15.6,9.9,Clear,Clear conditions throughout the day.
2023-01-28,25.9,71.5,100,1.1,10.3,8.6,"Snow, Partially cloudy",Partly cloudy throughout the day with afternoon snow.
2023-01-29,4.7,84.6,0,2.3,5.9,5.9,Overcast,Cloudy skies throughout the day.
2023-01-30,2.3,71.5,100,2.5,4.7,7.7,"Snow, Partially cloudy",Partly cloudy throughout the day with afternoon snow.
2023-01-31,10.3,66.4,0,0.1,9.9,9.6,Clear,Clear conditions throughout the day.
2023-02-01,25.6,56.7,0,0.0,7.5,9.9,Clear,Clear conditions throughout the day.
2023-02-02,31.2,55.5,0,0.0,7.5,9.9,Clear,Clear conditions throughout the day.
2023-02-03,46.5,23.8,0,0.0,13.2,9.9,Clear,Clear conditions throughout the day.
2023-02-04,48.1,20.9,0,0.0,21.0,9.9,Clear,Clear conditions throughout the day.
2023-02-05,36.7,53.1,0,0.0,6.8,9.9,Clear,Clear conditions throughout the day.
2023-02-06,39.2,38.8,0,0.0,19.7,9.9,Partially cloudy,Becoming cloudy in the afternoon.
2023-02-07,36.3,37.2,0,0.0,12.4,9.9,Clear,Clear conditions throughout the day.
2023-02-08,36.2,44.9,0,0.2,21.7,9.9,Clear,Clear conditions throughout the day.
2023-02-09,30.1,42.1,0,0.5,22.8,9.9,Partially cloudy,Partly cloudy throughout the day.
2023-02-10,29.4,48.2,0,0.0,6.8,9.9,Clear,Clear conditions throughout the day.
2023-02-11,38.5,45.1,0,0.0,6.7,9.9,Clear,Clear conditions throughout the day.
2023-02-12,38.2,46.1,0,0.0,6.9,9.7,Clear,Clear conditions throughout the day.
2023-02-13,40.3,43.2,0,0.0,10.1,9.9,Clear,Clear conditions throughout the day.
2023-02-14,39.1,40.5,0,1.3,22.9,9.9,Partially cloudy,Becoming cloudy in the afternoon.
2023-02-15,16.1,85.5,100,13.4,12.5,1.9,"Snow, Overcast",Cloudy skies throughout the day with a chance of snow throughout the day.
2023-02-16,19.3,62.1,100,0.2,7.5,9.3,"Snow, Partially cloudy",Partly cloudy throughout the day with morning snow.
2023-02-17,32.2,45.6,0,0.0,15.5,9.9,Clear,Clear conditions throughout the day.
2023-02-18,45.4,17.6,0,0.0,21.8,9.9,Clear,Clear conditions throughout the day.
2023-02-19,43.1,28.8,0,0.0,22.0,9.9,Partially cloudy,Partly cloudy throughout the day.
2023-02-20,48.3,28.6,0,0.0,21.2,9.9,Clear,Clear conditions throughout the day.
2023-02-21,46.0,42.5,100,0.0,18.4,9.9,"Snow, Rain",Clear conditions throughout the day with late afternoon rain or snow.
2023-02-22,10.3,80.9,100,13.1,18.1,4.1,"Snow, Overcast",Cloudy skies throughout the day with early morning snow.
2023-02-23,0.4,70.7,100,1.2,4.6,9.3,"Snow, Partially cloudy",Partly cloudy throughout the day with morning snow.
2023-02-24,17.8,62.0,0,0.1,17.2,9.7,Clear,Clear conditions throughout the day.
2023-02-25,38.2,51.7,0,0.0,20.3,9.9,Clear,Clear conditions throughout the day.
2023-02-26,41.7,48.6,0,0.0,18.0,9.9,Clear,Clear conditions throughout the day.
2023-02-27,42.4,28.5,0,0.0,31.5,9.9,Clear,Clear conditions throughout the day.
2023-02-28,37.4,32.9,0,0.0,22.6,9.9,Clear,Clear conditions throughout the day.
2023-03-01,29.6,59.0,0,2.0,14.5,9.5,Partially cloudy,Partly cloudy throughout the day.
2023-03-02,33.4,66.0,100,0.1,10.1,9.9,"Snow, Rain",Clear conditions throughout the day with morning rain or snow.
2023-03-03,35.5,63.3,100,0.0,12.4,9.9,"Snow, Rain, Partially cloudy",Partly cloudy throughout the day with afternoon rain or snow.
2023-03-04,31.3,78.5,0,0.0,8.2,7.3,Partially cloudy,Clearing in the afternoon.
2023-03-05,37.2,53.2,0,0.0,14.9,9.8,Partially cloudy,Becoming cloudy in the afternoon.
2023-03-06,34.7,51.2,0,0.0,11.2,9.9,Partially cloudy,Partly cloudy throughout the day.
2023-03-07,30.4,80.8,0,0.2,9.2,8.5,Overcast,Cloudy skies throughout the day.
2023-03-08,32.4,79.0,0,0.0,7.1,9.2,Overcast,Cloudy skies throughout the day.
2023-03-09,39.6,52.5,0,0.2,24.5,8.1,Partially cloudy,Partly cloudy throughout the day.
2023-03-10,42.0,65.1,0,0.0,18.8,9.0,Partially cloudy,Clearing in the afternoon.
2023-03-11,46.7,41.3,0,0.0,20.5,9.9,Partially cloudy,Partly cloudy throughout the day.
2023-03-12,32.7,61.8,0,0.0,6.5,9.9,Partially cloudy,Partly cloudy throughout the day.
2023-03-13,37.1,58.6,0,0.1,6.9,9.9,Clear,Clear conditions throughout the day.
2023-03-14,46.8,37.8,0,0.0,8.2,9.9,Clear,Clear conditions throughout the day.
2023-03-15,53.1,37.1,100,0.0,16.6,9.9,"Rain, Partially cloudy",Becoming cloudy in the afternoon with late afternoon rain.
2023-03-16,33.6,64.6,100,5.1,12.9,9.0,"Snow, Rain, Overcast",Cloudy skies throughout the day with morning rain or snow.
2023-03-17,32.9,42.2,0,0.2,7.8,9.9,Partially cloudy,Partly cloudy throughout the day.
2023-03-18,32.6,36.2,0,0.0,7.5,9.9,Clear,Clear conditions throughout the day.
2023-03-19,39.0,26.7,0,0.0,16.1,9.9,Clear,Clear conditions throughout the day.
2023-03-20,44.0,34.0,0,0.0,8.9,9.9,Partially cloudy,Partly cloudy throughout the day.
2023-03-21,44.3,36.9,0,0.0,25.8,9.9,Partially cloudy,Partly cloudy throughout the day.
2023-03-22,34.7,72.7,100,1.4,9.0,8.8,"Snow, Rain, Partially cloudy",Partly cloudy throughout the day with afternoon rain or snow.
2023-03-23,37.8,68.5,100,0.2,9.2,8.0,"Snow, Rain, Freezing Drizzle/Freezing Rain, Partially cloudy",Partly cloudy throughout the day with late afternoon rain or snow.
2023-03-24,40.1,50.6,0,0.2,11.1,9.9,Partially cloudy,Becoming cloudy in the afternoon.
2023-03-25,32.9,49.4,0,1.0,24.6,9.3,Partially cloudy,Partly cloudy throughout the day.
2023-03-26,32.3,33.2,0,1.3,10.0,9.8,Partially cloudy,Becoming cloudy in the afternoon.
2023-03-27,29.6,63.7,100,6.0,19.4,7.5,"Snow, Rain, Partially cloudy",Partly cloudy throughout the day with morning rain or snow.
2023-03-28,32.5,41.3,0,0.0,11.2,9.9,Clear,Clear conditions throughout the day.
2023-03-29,36.4,58.3,0,0.0,7.8,9.8,Clear,Clear conditions throughout the day.
2023-03-30,40.7,63.4,0,0.0,27.6,6.9,Partially cloudy,Clearing in the afternoon.
2023-03-31,42.8,25.3,0,0.0,40.9,9.8,Clear,Clear conditions throughout the day.
2023-04-01,51.1,21.8,0,0.0,20.2,9.9,Clear,Clear conditions throughout the day.
2023-04-02,58.0,17.9,0,0.0,25.1,9.9,Clear,Clear conditions throughout the day.
2023-04-03,45.0,50.6,0,0.0,19.6,9.9,Partially cloudy,Partly cloudy throughout the day.
2023-04-04,28.2,83.1,100,8.7,21.9,5.3,"Snow, Overcast",Cloudy skies throughout the day with morning snow.
2023-04-05,28.4,64.1,0,1.7,10.1,9.6,Partially cloudy,Becoming cloudy in the afternoon.
2023-04-06,39.1,32.3,0,0.2,9.9,9.9,Clear,Clear conditions throughout the day.
2023-04-07,47.6,32.0,0,0.0,8.8,9.9,Clear,Clear conditions throughout the day.
2023-04-08,52.8,31.9,0,0.0,8.2,9.9,Partially cloudy,Becoming cloudy in the afternoon.
2023-04-09,55.1,33.4,0,0.0,12.4,9.9,Clear,Clear conditions throughout the day.
2023-04-10,57.3,30.2,0,0.0,6.9,9.9,Clear,Clear conditions throughout the day.
2023-04-11,65.1,23.3,0,0.0,20.3,9.9,Clear,Clear conditions throughout the day.
2023-04-12,66.6,21.1,0,0.0,12.9,9.9,Clear,Clear conditions throughout the day.
2023-04-13,64.3,23.4,0,0.0,17.1,9.9,Clear,Clear conditions throughout the day.
2023-04-14,40.1,77.8,100,1.4,15.7,7.2,"Snow, Rain, Partially cloudy",Partly cloudy throughout the day with rain or snow.
2023-04-15,40.5,57.4,100,1.6,22.0,8.9,"Snow, Rain, Partially cloudy",Partly cloudy throughout the day with rain or snow clearing later.
2023-04-16,46.8,38.2,0,0.0,5.7,9.9,Clear,Clear conditions throughout the day.
2023-04-17,55.4,30.9,0,0.0,9.2,9.9,Clear,Clear conditions throughout the day.
2023-04-18,59.1,23.8,0,0.0,17.0,9.9,Clear,Clear conditions throughout the day.
2023-04-19,46.9,45.6,0,0.0,14.3,9.9,Partially cloudy,Partly cloudy throughout the day.
2023-04-20,39.8,21.6,0,0.0,23.2,9.9,Clear,Clear conditions throughout the day.
2023-04-21,40.4,36.1,100,1.1,19.9,9.2,"Snow, Rain, Partially cloudy",Partly cloudy throughout the day with late afternoon rain or snow.
2023-04-22,31.7,84.1,100,6.0,5.8,7.2,"Snow, Rain, Overcast",Cloudy skies throughout the day with a chance of rain or snow throughout the day.
2023-04-23,42.1,55.2,0,0.2,4.9,9.9,Clear,Clear conditions throughout the day.
2023-04-24,50.6,43.2,0,0.0,10.0,9.9,Partially cloudy,Becoming cloudy in the afternoon.
2023-04-25,47.2,70.7,100,0.2,19.9,9.7,"Rain, Partially cloudy",Partly cloudy throughout the day with rain or snow.
2023-04-26,47.3,74.9,100,1.3,8.1,8.7,"Rain, Partially cloudy",Partly cloudy throughout the day with rain or snow clearing later.
2023-04-27,52.9,49.9,100,0.3,33.0,9.9,"Rain, Partially cloudy",Partly cloudy throughout the day with late afternoon rain or snow.
2023-04-28,46.9,50.5,0,0.4,17.2,9.9,Partially cloudy,Clearing in the afternoon.
2023-04-29,58.2,35.7,0,0.0,6.9,9.9,Partially cloudy,Partly cloudy throughout the day.
2023-04-30,55.4,43.3,0,0.0,8.1,9.9,Clear,Clear conditions throughout the day.
2023-05-01,55.3,40.7,0,0.0,8.0,9.9,Clear,Clear conditions throughout the day.
2023-05-02,55.1,44.2,0,0.0,12.3,9.8,Clear,Clear conditions throughout the day.
2023-05-03,63.5,37.3,0,0.0,9.0,9.9,Clear,Clear conditions throughout the day.
2023-05-04,60.0,39.5,0,0.0,19.1,9.9,Partially cloudy,Partly cloudy throughout the day.
2023-05-05,59.9,44.5,100,0.0,25.2,9.9,"Rain, Partially cloudy",Partly cloudy throughout the day with early morning rain.
2023-05-06,56.6,33.8,0,0.0,22.6,9.9,Clear,Clear conditions throughout the day.
2023-05-07,58.7,32.2,0,0.0,11.2,9.9,Partially cloudy,Partly cloudy throughout the day.
2023-05-08,59.3,40.1,0,0.0,10.4,9.9,Partially cloudy,Partly cloudy throughout the day.
2023-05-09,60.8,48.0,100,0.0,6.0,9.9,Rain,Clear conditions throughout the day with late afternoon rain.
2023-05-10,52.2,91.9,100,0.0,11.3,7.8,"Rain, Partially cloudy",Partly cloudy throughout the day with a chance of rain throughout the day.
2023-05-11,49.1,93.9,100,0.0,9.5,8.5,"Rain, Overcast",Cloudy skies throughout the day with a chance of rain throughout the day.
2023-05-12,53.7,74.6,100,0.0,17.2,9.3,"Rain, Overcast",Cloudy skies throughout the day with rain.
2023-05-13,53.4,71.7,100,0.0,8.2,9.5,"Rain, Partially cloudy",Partly cloudy throughout the day with late afternoon rain.
2023-05-14,52.2,93.6,100,0.0,11.3,6.9,"Rain, Overcast",Cloudy skies throughout the day with rain.
2023-05-15,52.5,86.7,100,0.0,6.7,8.5,"Rain, Partially cloudy",Partly cloudy throughout the day with rain clearing later.
2023-05-16,61.1,60.5,100,0.0,13.6,9.8,"Rain, Partially cloudy",Becoming cloudy in the afternoon with rain.
2023-05-17,63.7,48.0,100,0.0,9.1,9.9,"Rain, Partially cloudy",Becoming cloudy in the afternoon with late afternoon rain.
2023-05-18,56.1,83.3,100,0.0,11.0,9.6,"Rain, Partially cloudy",Partly cloudy throughout the day with rain.
2023-05-19,52.2,86.4,100,0.0,7.1,4.3,"Rain, Overcast",Cloudy skies throughout the day with rain.
2023-05-20,57.4,71.1,0,0.0,8.8,5.6,Partially cloudy,Partly cloudy throughout the day.
2023-05-21,63.6,40.4,0,0.0,11.3,9.9,Clear,Clear conditions throughout the day.
2023-05-22,63.3,43.8,0,0.0,6.7,9.4,Clear,Clear conditions throughout the day.
2023-05-23,64.3,46.5,0,0.0,6.9,9.9,Clear,Clear conditions throughout the day.
2023-05-24,60.4,71.3,100,0.0,8.6,9.0,"Rain, Partially cloudy",Partly cloudy throughout the day with afternoon rain.
2023-05-25,60.9,63.2,0,0.0,6.5,9.9,Clear,Clear conditions throughout the day.
2023-05-26,58.9,71.7,100,0.0,12.4,9.9,"Rain, Partially cloudy",Partly cloudy throughout the day with rain.
2023-05-27,61.0,65.4,100,0.0,10.7,9.9,"Rain, Partially cloudy",Becoming cloudy in the afternoon with rain.
2023-05-28,63.1,51.6,100,0.0,12.4,9.9,Rain,Clear conditions throughout the day with afternoon rain.
2023-05-29,65.8,46.7,0,0.0,7.9,9.9,Clear,Clear conditions throughout the day.
2023-05-30,65.1,45.6,0,0.0,16.0,9.9,Clear,Clear conditions throughout the day.
2023-05-31,61.9,52.5,100,0.0,16.6,9.9,"Rain, Partially cloudy",Becoming cloudy in the afternoon with rain.
2023-06-01,59.9,69.1,100,0.0,10.2,9.6,"Rain, Partially cloudy",Partly cloudy throughout the day with late afternoon rain.
2023-06-02,60.5,61.8,100,0.0,8.9,9.8,"Rain, Partially cloudy",Partly cloudy throughout the day with rain.
2023-06-03,56.9,83.0,100,0.0,8.9,9.4,"Rain, Overcast",Cloudy skies throughout the day with afternoon rain.
2023-06-04,55.2,95.9,100,0.0,5.7,8.8,"Rain, Overcast",Cloudy skies throughout the day with a chance of rain throughout the day.
2023-06-05,60.0,79.4,0,0.0,7.4,9.9,Partially cloudy,Partly cloudy throughout the day.
2023-06-06,62.1,65.4,0,0.0,7.5,9.9,Clear,Clear conditions throughout the day.
2023-06-07,63.4,56.0,100,0.0,21.3,9.9,Rain,Clear conditions throughout the day with late afternoon rain.
2023-06-08,65.7,50.9,100,0.0,17.1,9.8,"Rain, Partially cloudy",Partly cloudy throughout the day with late afternoon rain.
2023-06-09,65.6,46.1,100,0.0,11.0,9.9,Rain,Clear conditions throughout the day with afternoon rain.
2023-06-10,63.1,52.5,0,0.0,8.8,9.9,Clear,Clear conditions throughout the day.
2023-06-11,58.0,75.7,100,0.0,7.0,9.9,"Rain, Partially cloudy",Partly cloudy throughout the day with late afternoon rain.
2023-06-12,56.3,86.3,100,0.0,8.4,9.9,"Rain, Partially cloudy",Partly cloudy throughout the day with a chance of rain throughout the day.
2023-06-13,55.8,84.5,100,0.0,6.5,8.8,"Rain, Partially cloudy",Partly cloudy throughout the day with afternoon rain.
2023-06-14,63.3,54.3,0,0.0,10.7,9.8,Clear,Clear conditions throughout the day.
2023-06-15,62.1,63.5,100,0.0,9.1,9.5,"Rain, Partially cloudy",Partly cloudy throughout the day with rain.
2023-06-16,55.0,93.0,100,0.0,6.2,8.6,"Rain, Partially cloudy",Partly cloudy throughout the day with rain.
2023-06-17,59.8,65.0,100,0.0,16.8,9.9,"Rain, Partially cloudy",Partly cloudy throughout the day with early morning rain.
2023-06-18,68.0,41.3,0,0.0,6.7,9.9,Clear,Clear conditions throughout the day.
2023-06-19,75.6,29.8,0,0.0,9.6,9.9,Clear,Clear conditions throughout the day.
2023-06-20,71.7,35.6,0,0.0,6.9,9.9,Clear,Clear conditions throughout the day.
2023-06-21,68.0,57.9,100,0.0,9.3,9.9,"Rain, Partially cloudy",Partly cloudy throughout the day with late afternoon rain.
2023-06-22,65.7,74.1,100,0.0,9.5,9.8,"Rain, Partially cloudy",Becoming cloudy in the afternoon with rain.
2023-06-23,68.3,66.6,0,0.0,21.1,9.9,Partially cloudy,Partly cloudy throughout the day.
2023-06-24,73.2,20.0,0,0.0,22.9,9.9,Clear,Clear conditions throughout the day.
2023-06-25,66.9,56.2,0,0.0,11.0,9.9,Clear,Clear conditions throughout the day.
2023-06-26,70.4,51.7,0,0.0,5.9,9.9,Clear,Clear conditions throughout the day.
2023-06-27,75.5,41.5,0,0.0,10.2,9.9,Clear,Clear conditions throughout the day.
2023-06-28,72.9,45.5,0,0.0,8.0,9.9,Clear,Clear conditions throughout the day.
2023-06-29,67.7,61.1,0,0.0,12.2,9.9,Partially cloudy,Partly cloudy throughout the day.
2023-06-30,61.4,71.4,100,0.0,19.1,9.8,"Rain, Partially cloudy",Partly cloudy throughout the day with rain.
2023-07-01,67.8,44.5,100,0.0,15.5,9.8,"Rain, Partially cloudy",Becoming cloudy in the afternoon with late afternoon rain.
2023-07-02,72.9,40.3,100,0.0,9.8,9.8,Rain,Clear conditions throughout the day with afternoon rain.
2023-07-03,75.6,33.7,0,0.0,11.0,9.9,Clear,Clear conditions throughout the day.
2023-07-04,68.9,50.9,100,0.0,19.2,9.6,"Rain, Partially cloudy",Becoming cloudy in the afternoon with late afternoon rain.
2023-07-05,56.6,96.0,100,0.0,6.7,7.3,"Rain, Overcast",Cloudy skies throughout the day with rain.
2023-07-06,63.4,83.8,100,0.0,8.9,6.9,"Rain, Partially cloudy",Partly cloudy throughout the day with a chance of rain throughout the day.
2023-07-07,64.8,63.0,100,0.0,10.3,9.8,"Rain, Partially cloudy",Partly cloudy throughout the day with late afternoon rain.
2023-07-08,66.2,71.4,100,0.0,14.5,9.8,"Rain, Partially cloudy",Partly cloudy throughout the day with late afternoon rain.
2023-07-09,68.1,66.9,0,0.0,6.7,9.5,Clear,Clear conditions throughout the day.
2023-07-10,75.9,43.9,0,0.0,14.6,9.9,Clear,Clear conditions throughout the day.
2023-07-11,79.1,32.7,0,0.0,7.9,9.9,Clear,Clear conditions throughout the day.
2023-07-12,79.0,25.9,0,0.0,10.9,9.9,Clear,Clear conditions throughout the day.
2023-07-13,78.1,33.5,0,0.0,11.2,9.9,Clear,Clear conditions throughout the day.
2023-07-14,72.2,43.9,0,0.0,11.1,9.8,Clear,Clear conditions throughout the day.
2023-07-15,70.7,56.6,0,0.0,7.9,9.9,Clear,Clear conditions throughout the day.
2023-07-16,74.1,43.3,0,0.0,13.5,9.9,Clear,Clear conditions throughout the day.
2023-07-17,79.6,29.6,100,0.0,13.4,9.9,Rain,Clear conditions throughout the day with afternoon rain.
2023-07-18,80.9,27.8,0,0.0,16.7,9.8,Clear,Clear conditions throughout the day.
2023-07-19,76.9,39.9,100,0.0,15.7,9.9,"Rain, Partially cloudy",Partly cloudy throughout the day with afternoon rain.
2023-07-20,66.6,77.4,100,0.0,15.9,9.9,"Rain, Partially cloudy",Partly cloudy throughout the day with a chance of rain throughout the day.
2023-07-21,66.1,73.2,100,0.0,7.0,9.8,"Rain, Partially cloudy",Clearing in the afternoon with rain.
2023-07-22,72.7,49.5,0,0.0,9.8,9.7,Clear,Clear conditions throughout the day.
2023-07-23,77.0,38.2,0,0.0,18.9,9.7,Clear,Clear conditions throughout the day.
2023-07-24,78.9,35.1,0,0.0,6.9,9.9,Clear,Clear conditions throughout the day.
2023-07-25,80.8,33.2,100,0.0,30.6,9.9,Rain,Clear conditions throughout the day with afternoon rain.
2023-07-26,79.8,34.9,100,0.0,14.7,9.9,"Rain, Partially cloudy",Partly cloudy throughout the day with rain.
2023-07-27,78.2,39.4,0,0.0,16.9,9.9,Clear,Clear conditions throughout the day.
2023-07-28,74.2,54.6,100,0.0,13.6,9.9,Rain,Clear conditions throughout the day with early morning rain.
2023-07-29,71.8,60.5,0,0.0,10.2,9.9,Clear,Clear conditions throughout the day.
2023-07-30,77.0,46.8,0,0.0,10.8,9.9,Clear,Clear conditions throughout the day.
2023-07-31,73.5,60.2,100,0.0,9.2,9.6,"Rain, Partially cloudy",Clearing in the afternoon with late afternoon rain.
2023-08-01,69.6,70.2,100,0.0,29.9,9.6,"Rain, Partially cloudy",Partly cloudy throughout the day with rain.
2023-08-02,70.7,64.4,100,0.0,8.0,9.9,"Rain, Partially cloudy",Partly cloudy throughout the day with rain.
2023-08-03,70.2,66.7,100,0.0,9.0,9.9,"Rain, Partially cloudy",Becoming cloudy in the afternoon with afternoon rain.
2023-08-04,73.1,50.9,0,0.0,13.2,9.9,Clear,Clear conditions throughout the day.
2023-08-05,70.2,50.7,0,0.0,11.6,9.8,Clear,Clear conditions throughout the day.
2023-08-06,62.4,71.9,100,0.0,14.3,9.8,"Rain, Partially cloudy",Partly cloudy throughout the day with late afternoon rain.
2023-08-07,65.5,62.9,100,0.0,10.3,9.8,Rain,Clear conditions throughout the day with afternoon rain.
2023-08-08,67.2,58.3,0,0.0,13.4,9.8,Clear,Clear conditions throughout the day.
2023-08-09,69.2,47.7,0,0.0,6.9,9.9,Clear,Clear conditions throughout the day.
2023-08-10,72.7,38.7,0,0.0,30.8,9.7,Clear,Clear conditions throughout the day.
2023-08-11,77.3,30.6,0,0.0,8.5,9.9,Clear,Clear conditions throughout the day.
2023-08-12,72.9,41.7,100,0.0,16.8,9.9,"Rain, Partially cloudy",Partly cloudy throughout the day with afternoon rain.
2023-08-13,68.6,42.6,0,0.0,12.5,9.8,Partially cloudy,Partly cloudy throughout the day.
2023-08-14,66.0,43.1,0,0.0,5.8,9.8,Clear,Clear conditions throughout the day.
2023-08-15,72.6,37.6,0,0.0,7.7,9.8,Clear,Clear conditions throughout the day.
2023-08-16,80.6,27.4,100,0.0,19.8,9.8,Rain,Clear conditions throughout the day with late afternoon rain.
2023-08-17,76.3,38.8,0,0.0,7.7,9.8,Clear,Clear conditions throughout the day.
2023-08-18,79.7,35.8,100,0.0,9.4,9.8,Rain,Clear conditions throughout the day with afternoon rain.
2023-08-19,78.1,37.5,100,0.0,11.6,9.9,Rain,Clear conditions throughout the day with afternoon rain.
2023-08-20,75.3,53.6,0,0.0,7.7,9.7,Clear,Clear conditions throughout the day.
2023-08-21,79.2,30.4,0,0.0,14.6,9.9,Clear,Clear conditions throughout the day.
2023-08-22,79.6,26.9,100,0.0,7.0,9.9,Rain,Clear conditions throughout the day with afternoon rain.
2023-08-23,78.6,32.0,0,0.0,11.2,9.9,Clear,Clear conditions throughout the day.
2023-08-24,78.0,39.5,100,0.0,17.9,9.6,Rain,Clear conditions throughout the day with late afternoon rain.
2023-08-25,63.8,79.2,100,0.0,15.6,9.0,"Rain, Partially cloudy",Partly cloudy throughout the day with rain.
2023-08-26,65.0,80.1,0,0.0,4.6,9.6,Partially cloudy,Partly cloudy throughout the day.
2023-08-27,67.3,74.9,100,0.0,22.4,9.5,"Rain, Partially cloudy",Becoming cloudy in the afternoon with rain.
2023-08-28,65.6,70.3,100,0.0,7.9,9.8,"Rain, Partially cloudy",Partly cloudy throughout the day with rain.
2023-08-29,67.9,55.1,0,0.0,6.7,9.8,Clear,Clear conditions throughout the day.
2023-08-30,74.0,44.4,0,0.0,7.6,9.7,Clear,Clear conditions throughout the day.
2023-08-31,78.5,26.7,0,0.0,6.9,9.9,Clear,Clear conditions throughout the day.
2023-09-01,79.8,25.5,0,0.0,12.4,9.9,Clear,Clear conditions throughout the day.
2023-09-02,78.7,30.5,100,0.0,13.4,9.9,Rain,Clear conditions throughout the day with late afternoon rain.
2023-09-03,74.6,42.8,100,0.0,8.9,9.6,"Rain, Partially cloudy",Partly cloudy throughout the day with rain.
2023-09-04,71.5,44.5,0,0.0,26.2,9.7,Clear,Clear conditions throughout the day.
2023-09-05,66.3,41.6,0,0.0,11.1,9.9,Clear,Clear conditions throughout the day.
2023-09-06,67.3,47.7,0,0.0,7.7,9.5,Clear,Clear conditions throughout the day.
2023-09-07,73.4,29.1,0,0.0,15.7,9.8,Clear,Clear conditions throughout the day.
2023-09-08,72.7,26.6,0,0.0,7.9,9.8,Clear,Clear conditions throughout the day.
2023-09-09,72.2,25.0,0,0.0,9.8,9.7,Clear,Clear conditions throughout the day.
2023-09-10,59.7,79.8,100,0.0,11.2,8.8,"Rain, Partially cloudy",Partly cloudy throughout the day with rain.
2023-09-11,57.8,84.2,100,0.0,9.0,9.3,"Rain, Partially cloudy",Partly cloudy throughout the day with rain.
2023-09-12,60.9,62.1,0,0.0,7.9,9.9,Clear,Clear conditions throughout the day.
2023-09-13,64.9,44.3,0,0.0,7.8,9.7,Clear,Clear conditions throughout the day.
2023-09-14,58.7,64.6,100,0.0,11.4,9.4,"Rain, Partially cloudy",Partly cloudy throughout the day with rain.
2023-09-15,57.1,72.9,100,0.0,4.5,9.8,"Rain, Partially cloudy",Partly cloudy throughout the day with rain clearing later.
2023-09-16,60.8,46.7,0,0.0,7.8,9.8,Clear,Clear conditions throughout the day.
2023-09-17,66.3,39.5,0,0.0,8.9,9.9,Clear,Clear conditions throughout the day.
2023-09-18,70.4,27.8,0,0.0,14.6,9.8,Clear,Clear conditions throughout the day.
2023-09-19,68.6,30.4,100,0.0,14.5,9.8,"Rain, Partially cloudy",Partly cloudy throughout the day with late afternoon rain.
2023-09-20,64.2,41.3,0,0.0,6.9,9.9,Clear,Clear conditions throughout the day.
2023-09-21,64.4,42.4,0,0.0,8.0,9.8,Clear,Clear conditions throughout the day.
2023-09-22,64.4,44.7,0,0.0,6.8,9.8,Clear,Clear conditions throughout the day.
2023-09-23,64.0,29.8,0,0.0,12.5,9.8,Clear,Clear conditions throughout the day.
2023-09-24,60.4,33.2,0,0.0,6.8,9.9,Clear,Clear conditions throughout the day.
2023-09-25,63.6,31.4,0,0.0,6.8,9.9,Clear,Clear conditions throughout the day.
2023-09-26,64.4,32.8,0,0.0,4.7,9.9,Clear,Clear conditions throughout the day.
2023-09-27,66.9,37.3,0,0.0,6.8,9.9,Clear,Clear conditions throughout the day.
2023-09-28,69.5,29.7,0,0.0,8.1,9.9,Clear,Clear conditions throughout the day.
2023-09-29,66.0,37.8,0,0.0,10.0,9.8,Clear,Clear conditions throughout the day.
2023-09-30,64.5,39.3,0,0.0,10.1,9.8,Clear,Clear conditions throughout the day.
2023-10-01,71.5,27.7,0,0.0,15.7,9.9,Clear,Clear conditions throughout the day.
2023-10-02,64.5,39.3,100,0.0,15.6,9.8,"Rain, Partially cloudy",Becoming cloudy in the afternoon with late afternoon rain.
2023-10-03,55.9,53.7,0,0.0,14.5,9.8,Partially cloudy,Partly cloudy throughout the day.
2023-10-04,57.3,39.1,0,0.0,14.2,9.9,Partially cloudy,Partly cloudy throughout the day.
2023-10-05,55.1,45.6,0,0.0,7.6,9.9,Clear,Clear conditions throughout the day.
2023-10-06,47.4,64.3,0,0.0,6.9,9.9,Partially cloudy,Partly cloudy throughout the day.
2023-10-07,53.2,53.7,0,0.0,6.6,9.9,Clear,Clear conditions throughout the day.
2023-10-08,60.0,37.5,0,0.0,5.7,9.9,Clear,Clear conditions throughout the day.
2023-10-09,61.2,35.6,0,0.0,7.9,9.9,Clear,Clear conditions throughout the day.
2023-10-10,64.5,25.7,0,0.0,11.2,9.8,Clear,Clear conditions throughout the day.
2023-10-11,57.5,47.1,100,0.0,22.0,9.8,"Rain, Partially cloudy",Partly cloudy throughout the day with rain.
2023-10-12,49.4,59.4,100,0.0,21.6,9.8,"Rain, Partially cloudy",Partly cloudy throughout the day with afternoon rain.
2023-10-13,44.7,53.3,0,0.0,10.4,9.9,Partially cloudy,Partly cloudy throughout the day.
2023-10-14,42.7,60.7,0,0.0,6.8,9.9,Partially cloudy,Partly cloudy throughout the day.
2023-10-15,49.8,52.8,0,0.0,7.7,9.9,Clear,Clear conditions throughout the day.
2023-10-16,56.4,43.1,0,0.0,5.7,9.9,Clear,Clear conditions throughout the day.
2023-10-17,63.2,34.9,100,0.0,15.7,9.9,Rain,Clear conditions throughout the day with morning rain.
2023-10-18,59.2,39.5,0,0.0,14.4,9.8,Clear,Clear conditions throughout the day.
2023-10-19,60.1,38.5,0,0.0,6.9,9.8,Clear,Clear conditions throughout the day.
2023-10-20,66.4,23.8,0,0.0,7.7,9.9,Clear,Clear conditions throughout the day.
2023-10-21,61.5,31.8,0,0.0,7.7,9.8,Clear,Clear conditions throughout the day.
2023-10-22,57.6,42.3,0,0.0,5.8,9.8,Clear,Clear conditions throughout the day.
2023-10-23,58.6,38.3,0,0.0,6.6,9.8,Clear,Clear conditions throughout the day.
2023-10-24,54.6,48.1,0,0.0,5.6,9.8,Clear,Clear conditions throughout the day.
2023-10-25,50.1,71.1,0,0.0,6.8,8.9,Partially cloudy,Clearing in the afternoon.
2023-10-26,41.9,91.7,0,0.0,11.0,7.2,Partially cloudy,Partly cloudy throughout the day.
2023-10-27,33.9,76.7,0,0.0,9.0,9.7,Partially cloudy,Partly cloudy throughout the day.
2023-10-28,28.4,83.4,100,7.3,10.1,6.6,"Snow, Rain, Partially cloudy",Partly cloudy throughout the day with rain or snow.
2023-10-29,24.7,79.9,100,10.7,6.8,5.6,"Snow, Rain, Partially cloudy",Partly cloudy throughout the day with a chance of rain or snow throughout the day.
2023-10-30,26.9,63.8,0,0.0,4.8,9.9,Clear,Clear conditions throughout the day.
2023-10-31,34.5,55.6,0,0.0,5.7,9.9,Clear,Clear conditions throughout the day.
2023-11-01,44.8,46.3,0,0.0,14.4,9.9,Clear,Clear conditions throughout the day.
2023-11-02,50.7,38.1,0,0.0,11.2,9.9,Clear,Clear conditions throughout the day.
2023-11-03,60.3,27.5,0,0.0,19.7,9.9,Partially cloudy,Partly cloudy throughout the day.
2023-11-04,51.0,47.4,0,0.0,5.9,9.9,Clear,Clear conditions throughout the day.
2023-11-05,60.0,30.9,0,0.0,17.2,9.9,Clear,Clear conditions throughout the day.
2023-11-06,54.9,33.2,0,0.0,7.7,9.9,Clear,Clear conditions throughout the day.
2023-11-07,56.3,31.9,0,0.0,9.2,9.9,Clear,Clear conditions throughout the day.
2023-11-08,39.7,77.0,100,2.1,13.4,9.9,"Snow, Rain, Partially cloudy",Partly cloudy throughout the day with rain or snow.
2023-11-09,38.4,62.0,0,0.4,6.8,9.9,Clear,Clear conditions throughout the day.
2023-11-10,38.7,40.3,0,0.0,11.0,9.9,Clear,Clear conditions throughout the day.
2023-11-11,46.7,26.5,0,0.0,14.6,9.9,Clear,Clear conditions throughout the day.
2023-11-12,48.5,26.8,0,0.0,7.0,9.9,Clear,Clear conditions throughout the day.
2023-11-13,44.9,39.1,0,0.0,4.5,9.9,Clear,Clear conditions throughout the day.
2023-11-14,57.0,20.4,0,0.0,12.2,9.9,Clear,Clear conditions throughout the day.
2023-11-15,50.2,28.8,0,0.0,5.5,9.9,Clear,Clear conditions throughout the day.
2023-11-16,53.9,39.5,100,0.0,27.2,9.9,"Rain, Partially cloudy",Partly cloudy throughout the day with late afternoon rain.
2023-11-17,46.1,69.7,0,0.0,5.9,9.2,Partially cloudy,Clearing in the afternoon.
2023-11-18,46.1,51.9,100,0.0,5.8,9.9,Rain,Clear conditions throughout the day with late afternoon rain.
2023-11-19,46.9,48.9,100,0.0,9.9,9.9,"Rain, Partially cloudy",Becoming cloudy in the afternoon with early morning rain.
2023-11-20,43.1,48.9,0,0.0,20.3,9.8,Partially cloudy,Partly cloudy throughout the day.
2023-11-21,41.8,44.4,0,0.0,5.7,9.9,Clear,Clear conditions throughout the day.
2023-11-22,49.4,28.1,0,0.0,9.8,9.9,Clear,Clear conditions throughout the day.
2023-11-23,34.9,63.5,100,2.7,8.0,9.2,"Snow, Partially cloudy",Partly cloudy throughout the day with late afternoon snow.
2023-11-24,20.3,93.1,0,5.1,6.8,6.2,Overcast,Cloudy skies throughout the day.
2023-11-25,18.9,87.9,100,2.7,5.8,6.2,"Snow, Partially cloudy",Partly cloudy throughout the day with early morning snow.
2023-11-26,24.3,65.9,100,0.0,6.7,9.4,"Snow, Rain",Clear conditions throughout the day with morning rain or snow.
2023-11-27,29.4,59.1,0,0.0,10.8,9.9,Clear,Clear conditions throughout the day.
2023-11-28,37.2,43.4,0,0.0,14.3,9.9,Clear,Clear conditions throughout the day.
2023-11-29,36.2,42.6,0,0.0,4.7,9.9,Clear,Clear conditions throughout the day.
2023-11-30,31.1,57.1,0,0.0,7.8,9.9,Clear,Clear conditions throughout the day.
2023-12-01,28.6,82.9,0,0.1,4.8,9.9,Clear,Clear conditions throughout the day.
2023-12-02,34.8,44.1,100,0.0,40.2,9.9,"Rain, Freezing Drizzle/Freezing Rain",Clear conditions throughout the day with late afternoon rain.
2023-12-03,35.6,64.7,100,1.1,15.9,9.4,"Snow, Rain, Partially cloudy",Partly cloudy throughout the day with a chance of rain or snow throughout the day.
2023-12-04,44.3,45.5,100,0.0,19.5,9.9,"Snow, Rain",Clear conditions throughout the day with early morning snow or rain.
2023-12-05,43.7,61.9,0,0.0,15.3,9.9,Clear,Clear conditions throughout the day.
2023-12-06,45.3,46.7,0,0.0,4.7,9.9,Clear,Clear conditions throughout the day.
2023-12-07,51.2,27.5,0,0.0,30.1,9.9,Clear,Clear conditions throughout the day.
2023-12-08,36.5,58.8,100,6.7,15.8,8.1,"Snow, Rain, Partially cloudy",Partly cloudy throughout the day with rain or snow.
2023-12-09,28.4,71.9,100,2.4,6.5,8.3,"Snow, Rain, Partially cloudy",Clearing in the afternoon with rain or snow clearing later.
2023-12-10,37.9,46.9,100,0.0,25.3,9.9,"Snow, Rain, Freezing Drizzle/Freezing Rain",Clear conditions throughout the day with rain or snow.
2023-12-11,39.5,61.6,100,0.0,7.6,9.9,"Snow, Rain, Partially cloudy",Becoming cloudy in the afternoon with rain or snow.
2023-12-12,31.9,97.4,0,0.1,5.6,7.3,Overcast,Cloudy skies throughout the day.
2023-12-13,32.4,91.2,0,1.4,4.4,8.9,Overcast,Cloudy skies throughout the day.
2023-12-14,32.3,93.3,0,0.1,4.3,5.1,Partially cloudy,Partly cloudy throughout the day.
2023-12-15,37.2,59.9,0,0.0,7.2,9.5,Clear,Clear conditions throughout the day.
2023-12-16,46.0,32.5,0,0.0,17.1,9.9,Clear,Clear conditions throughout the day.
2023-12-17,49.6,22.5,0,0.0,17.2,9.9,Clear,Clear conditions throughout the day.
2023-12-18,37.3,45.5,0,0.0,6.2,9.9,Clear,Clear conditions throughout the day.
2023-12-19,53.9,22.7,0,0.0,12.3,9.9,Clear,Clear conditions throughout the day.
2023-12-20,47.9,40.0,0,0.0,6.8,9.9,Partially cloudy,Partly cloudy throughout the day.
2023-12-21,47.0,43.4,0,0.0,8.5,9.9,Partially cloudy,Partly cloudy throughout the day.
2023-12-22,41.4,49.5,0,0.0,5.0,9.9,Clear,Clear conditions throughout the day.
2023-12-23,42.5,55.0,100,0.8,10.0,9.9,"Snow, Rain, Partially cloudy",Partly cloudy throughout the day with late afternoon rain or snow.
2023-12-24,28.7,72.7,100,4.5,6.5,7.3,"Snow, Rain, Partially cloudy",Partly cloudy throughout the day with rain or snow clearing later.
2023-12-25,23.2,60.2,0,0.1,7.3,9.9,Partially cloudy,Becoming cloudy in the afternoon.
2023-12-26,35.3,45.6,0,1.9,5.5,9.8,Overcast,Cloudy skies throughout the day.
2023-12-27,38.9,41.3,0,0.0,8.5,9.8,Partially cloudy,Clearing in the afternoon.
2023-12-28,34.4,40.7,0,0.0,5.9,9.9,Clear,Clear conditions throughout the day.
2023-12-29,39.4,31.3,0,0.0,8.0,9.9,Clear,Clear conditions throughout the day.
2023-12-30,39.3,37.6,0,0.0,5.3,9.9,Clear,Clear conditions throughout the day.
2023-12-31,33.0,59.5,0,0.0,3.2,9.9,Clear,Clear conditions throughout the day.
2024-01-01,38.6,54.7,0,0.0,6.9,9.9,Clear,Clear conditions throughout the day.
2024-01-02,35.7,55.6,0,0.0,6.5,9.9,Clear,Clear conditions throughout the day.
2024-01-03,34.0,52.8,0,0.0,4.8,9.9,Clear,Clear conditions throughout the day.
2024-01-04,28.7,77.2,0,0.2,8.1,9.7,Partially cloudy,Partly cloudy throughout the day.
2024-01-05,33.6,57.6,0,0.0,5.9,9.6,Partially cloudy,Partly cloudy throughout the day.
2024-01-06,31.8,40.6,0,0.6,11.7,9.9,Clear,Clear conditions throughout the day.
2024-01-07,30.3,37.7,0,0.2,8.1,9.9,Partially cloudy,Partly cloudy throughout the day.
2024-01-08,26.8,56.3,0,4.5,16.1,8.7,Partially cloudy,Partly cloudy throughout the day.
2024-01-09,29.3,41.7,0,0.0,22.3,9.9,Clear,Clear conditions throughout the day.
2024-01-10,33.3,30.1,0,0.4,33.2,9.9,Clear,Clear conditions throughout the day.
2024-01-11,21.0,53.6,0,0.4,13.9,9.9,Partially cloudy,Partly cloudy throughout the day.
2024-01-12,23.3,41.3,0,1.2,22.9,9.0,Partially cloudy,Partly cloudy throughout the day.
2024-01-13,-3.7,65.2,0,3.6,8.0,5.9,Partially cloudy,Partly cloudy throughout the day.
2024-01-14,0.0,67.9,0,4.6,5.4,7.3,Partially cloudy,Partly cloudy throughout the day.
2024-01-15,-1.5,68.1,0,5.0,10.7,6.5,Partially cloudy,Partly cloudy throughout the day.
2024-01-16,16.1,51.6,100,0.0,16.1,9.5,"Snow, Rain",Clear conditions throughout the day with afternoon rain or snow.
2024-01-17,35.0,42.4,0,0.0,11.2,9.9,Clear,Clear conditions throughout the day.
2024-01-18,31.3,53.9,0,1.0,35.2,9.9,Partially cloudy,Becoming cloudy in the afternoon.
2024-01-19,23.5,64.9,0,0.0,8.6,9.9,Partially cloudy,Partly cloudy throughout the day.
2024-01-20,26.0,73.1,0,0.0,3.1,9.9,Clear,Clear conditions throughout the day.
2024-01-21,39.4,58.4,0,0.0,8.9,9.9,Partially cloudy,Becoming cloudy in the afternoon.
2024-01-22,39.5,61.6,0,0.0,4.8,9.9,Partially cloudy,Becoming cloudy in the afternoon.
2024-01-23,39.4,68.0,0,0.0,8.1,9.9,Partially cloudy,Becoming cloudy in the afternoon.
2024-01-24,37.8,68.7,0,0.0,5.9,9.9,Partially cloudy,Partly cloudy throughout the day.
2024-01-25,37.6,61.3,0,0.0,8.1,9.9,Partially cloudy,Partly cloudy throughout the day.
2024-01-26,36.9,80.5,100,0.8,7.5,8.9,"Snow, Rain, Overcast",Cloudy skies throughout the day with early morning snow or rain.
2024-01-27,37.4,47.0,0,0.0,6.5,9.9,Clear,Clear conditions throughout the day.
2024-01-28,42.9,43.9,0,0.0,6.9,9.9,Clear,Clear conditions throughout the day.
2024-01-29,45.2,49.1,0,0.0,5.7,9.9,Clear,Clear conditions throughout the day.
2024-01-30,44.7,48.9,100,0.0,5.9,9.9,Rain,Clear conditions throughout the day with afternoon rain.
2024-01-31,44.6,37.6,0,0.0,5.7,9.9,Clear,Clear conditions throughout the day.
2024-02-01,47.0,36.6,0,0.0,6.7,9.9,Clear,Clear conditions throughout the day.
2024-02-02,40.8,52.2,0,0.0,6.9,9.9,Partially cloudy,Partly cloudy throughout the day.
2024-02-03,34.7,98.5,100,17.2,9.4,5.1,"Snow, Rain, Overcast",Cloudy skies throughout the day with a chance of rain or snow throughout the day.
2024-02-04,30.5,99.2,100,0.4,5.4,4.7,"Snow, Rain, Partially cloudy",Partly cloudy throughout the day with morning rain or snow.
2024-02-05,31.9,83.3,0,0.0,3.4,9.9,Clear,Clear conditions throughout the day.
2024-02-06,38.3,69.9,0,0.0,5.4,9.9,Clear,Clear conditions throughout the day.
2024-02-07,37.7,61.9,0,0.0,13.4,9.9,Clear,Clear conditions throughout the day.
2024-02-08,41.5,38.0,0,0.0,11.6,9.9,Clear,Clear conditions throughout the day.
2024-02-09,33.4,69.0,100,3.3,9.4,9.7,"Snow, Rain, Partially cloudy",Partly cloudy throughout the day with late afternoon rain or snow.
2024-02-10,29.5,91.1,100,6.6,10.2,6.7,"Snow, Overcast",Cloudy skies throughout the day with morning snow.
2024-02-11,28.7,65.4,100,0.0,5.7,9.9,"Snow, Rain, Partially cloudy",Partly cloudy throughout the day with rain or snow in the morning and afternoon.
2024-02-12,37.0,47.8,0,0.0,7.2,9.9,Partially cloudy,Clearing in the afternoon.
2024-02-13,39.9,45.4,0,0.0,8.8,9.9,Clear,Clear conditions throughout the day.
2024-02-14,37.1,57.7,0,0.0,15.1,9.9,Partially cloudy,Becoming cloudy in the afternoon.
2024-02-15,33.5,86.3,0,0.5,10.2,7.0,Partially cloudy,Clearing in the afternoon.
2024-02-16,25.9,91.1,100,8.9,14.7,5.9,"Snow, Overcast",Cloudy skies throughout the day with snow.
2024-02-17,24.9,68.3,100,1.5,6.8,9.3,"Snow, Partially cloudy",Clearing in the afternoon with snow clearing later.
2024-02-18,34.3,53.5,0,0.0,17.5,9.9,Clear,Clear conditions throughout the day.
2024-02-19,46.7,30.7,0,0.0,11.3,9.9,Clear,Clear conditions throughout the day.
2024-02-20,52.0,34.8,0,0.0,20.5,9.9,Clear,Clear conditions throughout the day.
2024-02-21,47.1,46.6,0,0.0,14.3,9.9,Clear,Clear conditions throughout the day.
2024-02-22,37.9,73.2,100,0.2,14.0,9.9,"Snow, Rain, Partially cloudy",Partly cloudy throughout the day with rain or snow in the morning and afternoon.
2024-02-23,42.8,28.7,0,0.0,16.6,9.9,Clear,Clear conditions throughout the day.
2024-02-24,47.4,23.8,0,0.0,15.4,9.9,Clear,Clear conditions throughout the day.
2024-02-25,55.1,14.7,0,0.0,39.7,9.9,Clear,Clear conditions throughout the day.
2024-02-26,54.7,22.6,0,0.0,27.5,9.9,Clear,Clear conditions throughout the day.
2024-02-27,35.2,49.8,100,2.0,17.0,9.3,"Snow, Rain, Partially cloudy",Partly cloudy throughout the day with morning rain or snow.
2024-02-28,38.5,25.7,0,0.0,21.7,9.9,Clear,Clear conditions throughout the day.
2024-02-29,46.5,26.7,0,0.0,16.0,9.9,Clear,Clear conditions throughout the day.
2024-03-01,54.2,20.6,0,0.0,14.9,9.9,Clear,Clear conditions throughout the day.
2024-03-02,53.3,24.2,0,0.0,16.6,9.9,Clear,Clear conditions throughout the day.
2024-03-03,40.3,44.0,100,0.6,18.8,9.8,"Snow, Rain, Freezing Drizzle/Freezing Rain, Partially cloudy",Partly cloudy throughout the day with early morning snow or rain.
2024-03-04,36.7,49.0,0,0.3,11.3,9.9,Partially cloudy,Becoming cloudy in the afternoon.
2024-03-05,36.8,49.5,0,0.0,10.3,9.9,Partially cloudy,Partly cloudy throughout the day.
2024-03-06,43.3,47.8,0,0.0,20.5,9.9,Partially cloudy,Becoming cloudy in the afternoon.
2024-03-07,36.2,83.3,0,1.9,6.9,8.5,Overcast,Cloudy skies throughout the day.
2024-03-08,29.9,91.4,100,4.0,5.9,6.1,"Snow, Rain, Partially cloudy",Partly cloudy throughout the day with morning rain or snow.
2024-03-09,39.2,43.2,0,0.0,9.0,9.9,Clear,Clear conditions throughout the day.
2024-03-10,48.3,25.4,0,0.0,12.5,9.9,Clear,Clear conditions throughout the day.
2024-03-11,50.2,21.3,0,0.0,10.5,9.9,Clear,Clear conditions throughout the day.
2024-03-12,50.1,33.0,0,0.0,12.5,9.9,Partially cloudy,Partly cloudy throughout the day.
2024-03-13,42.4,72.8,100,0.8,11.4,9.0,"Snow, Rain, Partially cloudy",Partly cloudy throughout the day with rain or snow.
2024-03-14,32.6,98.4,100,28.7,8.1,1.3,"Snow, Overcast",Cloudy skies throughout the day with a chance of snow throughout the day.
2024-03-15,34.7,88.8,100,11.6,11.4,7.1,"Snow, Rain, Partially cloudy",Partly cloudy throughout the day with rain or snow clearing later.
2024-03-16,39.0,65.3,0,0.0,8.0,9.2,Partially cloudy,Partly cloudy throughout the day.
2024-03-17,40.4,62.3,0,0.0,5.8,9.9,Overcast,Cloudy skies throughout the day.
2024-03-18,42.7,55.7,0,0.0,9.1,9.9,Clear,Clear conditions throughout the day.
2024-03-19,49.5,37.0,0,0.0,8.0,9.9,Clear,Clear conditions throughout the day.
2024-03-20,46.9,46.2,0,0.0,9.0,9.9,Clear,Clear conditions throughout the day.
2024-03-21,50.5,40.3,0,0.0,16.0,9.9,Clear,Clear conditions throughout the day.
2024-03-22,48.7,45.1,0,0.0,14.7,9.9,Clear,Clear conditions throughout the day.
2024-03-23,46.3,51.8,0,0.0,7.8,9.9,Clear,Clear conditions throughout the day.
2024-03-24,38.4,79.7,100,4.7,15.0,7.0,"Snow, Rain, Partially cloudy",Becoming cloudy in the afternoon with rain or snow.
2024-03-25,26.3,80.5,100,13.2,5.6,6.8,"Snow, Rain, Partially cloudy",Partly cloudy throughout the day with morning rain or snow.
2024-03-26,30.3,75.8,0,0.0,4.7,9.9,Clear,Clear conditions throughout the day.
2024-03-27,40.7,48.9,0,0.1,18.3,9.9,Clear,Clear conditions throughout the day.
2024-03-28,48.2,35.6,0,0.0,15.9,9.9,Clear,Clear conditions throughout the day.
2024-03-29,42.7,66.3,100,0.1,11.2,9.8,"Snow, Rain, Partially cloudy",Partly cloudy throughout the day with rain or snow.
2024-03-30,45.7,71.1,0,0.0,5.8,8.8,Partially cloudy,Clearing in the afternoon.
2024-03-31,43.6,68.2,0,0.0,7.9,9.9,Partially cloudy,Partly cloudy throughout the day.
2024-04-01,41.1,83.4,100,1.4,16.0,9.6,"Snow, Rain, Overcast",Cloudy skies throughout the day with rain or snow.
2024-04-02,45.9,54.2,0,1.1,7.0,9.9,Clear,Clear conditions throughout the day.
2024-04-03,57.7,26.8,0,0.0,14.4,9.9,Partially cloudy,Becoming cloudy in the afternoon.
2024-04-04,58.1,27.9,0,0.0,10.2,9.9,Clear,Clear conditions throughout the day.
2024-04-05,58.4,30.4,0,0.0,20.5,9.9,Clear,Clear conditions throughout the day.
2024-04-06,46.6,25.0,0,0.0,54.1,10.0,Partially cloudy,Partly cloudy throughout the day.
2024-04-07,41.9,19.4,0,0.0,51.7,10.0,Partially cloudy,Partly cloudy throughout the day.
2024-04-08,44.1,32.2,0,0.0,11.2,9.9,Clear,Clear conditions throughout the day.
2024-04-09,46.4,39.8,0,0.0,7.9,9.9,Clear,Clear conditions throughout the day.
2024-04-10,49.1,41.6,0,0.0,10.4,9.9,Partially cloudy,Partly cloudy throughout the day.
2024-04-11,49.0,44.2,0,0.0,8.0,9.9,Partially cloudy,Clearing in the afternoon.
2024-04-12,57.6,30.1,0,0.0,8.1,9.9,Clear,Clear conditions throughout the day.
2024-04-13,63.8,23.1,0,0.0,11.2,9.9,Clear,Clear conditions throughout the day.
2024-04-14,65.5,22.5,0,0.0,10.3,9.9,Clear,Clear conditions throughout the day.
2024-04-15,57.8,24.2,0,0.0,18.4,9.9,Partially cloudy,Partly cloudy throughout the day.
2024-04-16,56.8,33.9,0,0.0,25.0,9.9,Partially cloudy,Partly cloudy throughout the day.
2024-04-17,58.7,34.3,0,0.0,20.7,9.9,Partially cloudy,Partly cloudy throughout the day.
2024-04-18,33.0,96.5,100,2.0,10.2,4.3,"Snow, Overcast",Cloudy skies throughout the day with snow.
2024-04-19,33.5,99.2,100,1.8,13.9,4.3,"Snow, Rain, Overcast",Cloudy skies throughout the day with rain or snow.
2024-04-20,32.1,98.4,100,9.8,9.0,5.7,"Snow, Rain, Overcast",Cloudy skies throughout the day with rain or snow clearing later.
2024-04-21,43.6,72.3,0,0.0,6.9,9.4,Partially cloudy,Partly cloudy throughout the day.
2024-04-22,60.6,34.5,0,0.0,20.7,9.9,Partially cloudy,Partly cloudy throughout the day.
2024-04-23,52.8,43.2,100,0.0,8.8,9.9,"Rain, Partially cloudy",Partly cloudy throughout the day with late afternoon rain.
2024-04-24,57.1,57.5,0,0.0,10.1,9.9,Clear,Clear conditions throughout the day.
2024-04-25,55.6,59.2,100,0.0,17.3,9.8,"Rain, Partially cloudy",Partly cloudy throughout the day with late afternoon rain.
2024-04-26,54.9,54.9,100,0.0,21.3,9.3,"Rain, Partially cloudy",Becoming cloudy in the afternoon with late afternoon rain.
2024-04-27,39.6,99.4,100,6.3,17.9,7.4,"Rain, Overcast",Cloudy skies throughout the day with rain or snow.
2024-04-28,47.3,70.8,100,0.1,20.7,9.8,"Snow, Rain, Partially cloudy",Partly cloudy throughout the day with early morning snow or rain.
2024-04-29,55.2,40.5,0,0.0,19.6,9.9,Partially cloudy,Becoming cloudy in the afternoon.
2024-04-30,58.9,35.0,0,0.0,23.3,9.9,Clear,Clear conditions throughout the day.
2024-05-01,52.6,44.4,0,0.0,16.2,9.9,Partially cloudy,Partly cloudy throughout the day.
2024-05-02,51.3,38.5,0,0.0,12.5,9.9,Clear,Clear conditions throughout the day.
2024-05-03,51.7,47.1,0,0.0,20.9,9.6,Partially cloudy,Partly cloudy throughout the day.
2024-05-04,48.5,51.4,0,0.0,6.6,9.9,Partially cloudy,Partly cloudy throughout the day.
2024-05-05,54.7,52.4,0,0.0,10.2,9.9,Clear,Clear conditions throughout the day.
2024-05-06,51.2,32.3,0,0.0,30.0,9.9,Partially cloudy,Partly cloudy throughout the day.
2024-05-07,47.4,37.0,0,0.0,21.9,9.9,Partially cloudy,Partly cloudy throughout the day.
2024-05-08,48.4,26.5,0,0.0,19.0,9.9,Clear,Clear conditions throughout the day.
2024-05-09,46.9,52.7,0,0.0,10.2,9.9,Partially cloudy,Partly cloudy throughout the day.
2024-05-10,49.2,64.7,100,0.0,5.9,9.7,"Rain, Partially cloudy",Partly cloudy throughout the day with early morning rain.
2024-05-11,52.2,54.3,0,0.0,11.0,9.8,Clear,Clear conditions throughout the day.
2024-05-12,55.1,60.0,100,0.0,13.4,9.8,"Rain, Partially cloudy",Partly cloudy throughout the day with morning rain.
2024-05-13,59.9,43.8,100,0.0,8.0,9.8,"Rain, Partially cloudy",Partly cloudy throughout the day with afternoon rain.
2024-05-14,65.1,31.7,0,0.0,22.9,9.9,Partially cloudy,Partly cloudy throughout the day.
2024-05-15,57.1,56.2,0,0.0,12.5,9.9,Partially cloudy,Partly cloudy throughout the day.
2024-05-16,61.3,47.5,0,0.0,7.9,9.9,Clear,Clear conditions throughout the day.
2024-05-17,70.1,23.6,0,0.0,17.2,9.9,Clear,Clear conditions throughout the day.
2024-05-18,63.6,36.3,0,0.0,16.3,9.9,Clear,Clear conditions throughout the day.
2024-05-19,66.9,33.3,0,0.0,35.3,9.9,Clear,Clear conditions throughout the day.
2024-05-20,56.7,53.7,0,0.0,17.2,9.9,Partially cloudy,Partly cloudy throughout the day.
2024-05-21,50.8,63.4,100,0.0,17.0,9.8,"Rain, Partially cloudy",Partly cloudy throughout the day with early morning rain.
2024-05-22,57.4,29.2,0,0.0,13.5,9.9,Clear,Clear conditions throughout the day.
2024-05-23,61.5,32.9,0,0.0,23.6,9.9,Clear,Clear conditions throughout the day.
2024-05-24,57.4,29.2,0,0.0,18.0,9.9,Clear,Clear conditions throughout the day.
2024-05-25,59.5,38.0,100,0.0,15.1,9.7,"Rain, Partially cloudy",Becoming cloudy in the afternoon with afternoon rain.
2024-05-26,61.8,31.1,0,0.0,34.4,9.8,Clear,Clear conditions throughout the day.
2024-05-27,65.1,31.1,0,0.0,10.2,9.8,Clear,Clear conditions throughout the day.
2024-05-28,64.2,37.6,0,0.0,10.3,9.9,Clear,Clear conditions throughout the day.
2024-05-29,66.8,44.5,0,0.0,14.9,9.9,Clear,Clear conditions throughout the day.
2024-05-30,67.7,35.9,100,0.0,13.4,9.9,Rain,Clear conditions throughout the day with late afternoon rain.
2024-05-31,58.9,64.3,0,0.0,10.0,9.9,Partially cloudy,Partly cloudy throughout the day.
2024-06-01,67.0,40.4,0,0.0,6.9,9.8,Clear,Clear conditions throughout the day.
2024-06-02,68.9,34.7,0,0.0,15.9,9.9,Clear,Clear conditions throughout the day.
2024-06-03,71.1,30.9,0,0.0,16.9,9.9,Clear,Clear conditions throughout the day.
2024-06-04,73.4,25.8,0,0.0,25.4,9.9,Clear,Clear conditions throughout the day.
2024-06-05,76.7,23.0,0,0.0,17.7,9.9,Clear,Clear conditions throughout the day.
2024-06-06,73.1,36.8,0,0.0,7.0,9.9,Clear,Clear conditions throughout the day.
2024-06-07,76.5,31.9,0,0.0,21.4,9.9,Clear,Clear conditions throughout the day.
2024-06-08,69.4,52.0,100,0.0,18.5,9.6,"Rain, Partially cloudy",Becoming cloudy in the afternoon with late afternoon rain.
2024-06-09,64.3,77.1,100,0.0,12.7,9.7,"Rain, Partially cloudy",Partly cloudy throughout the day with late afternoon rain.
2024-06-10,68.3,65.1,0,0.0,14.7,9.9,Partially cloudy,Partly cloudy throughout the day.
2024-06-11,72.0,50.1,0,0.0,6.9,9.9,Clear,Clear conditions throughout the day.
2024-06-12,78.6,25.9,0,0.0,16.9,9.9,Clear,Clear conditions throughout the day.
2024-06-13,81.2,26.4,0,0.0,14.0,9.9,Clear,Clear conditions throughout the day.
2024-06-14,69.8,59.2,0,0.0,12.5,9.9,Partially cloudy,Becoming cloudy in the afternoon.
2024-06-15,74.3,50.8,0,0.0,9.3,9.0,Clear,Clear conditions throughout the day.
2024-06-16,71.8,37.7,0,0.0,7.9,9.9,Clear,Clear conditions throughout the day.
2024-06-17,71.3,55.0,0,0.0,15.1,9.9,Clear,Clear conditions throughout the day.
2024-06-18,66.5,26.6,0,0.0,13.8,9.9,Clear,Partly cloudy throughout the day.
2024-06-19,61.9,48.4,0,0.0,10.4,9.9,Partially cloudy,Partly cloudy throughout the day.
2024-06-20,70.0,57.0,0,0.0,11.4,9.9,Partially cloudy,Becoming cloudy in the afternoon.
2024-06-21,70.8,58.1,100,0.0,11.5,9.9,"Rain, Partially cloudy",Partly cloudy throughout the day with early morning rain.
2024-06-22,73.5,37.3,0,0.0,16.2,9.9,Clear,Clear conditions throughout the day.
2024-06-23,81.6,23.1,0,0.0,21.9,9.9,Clear,Clear conditions throughout the day.
2024-06-24,80.5,26.4,100,0.0,16.1,9.9,Rain,Clear conditions throughout the day with afternoon rain.
2024-06-25,79.6,28.1,0,0.0,17.2,9.9,Clear,Clear conditions throughout the day.
2024-06-26,72.1,54.5,100,0.0,9.2,9.9,"Rain, Partially cloudy",Becoming cloudy in the afternoon with rain.
2024-06-27,74.8,52.7,0,0.0,32.2,9.3,Partially cloudy,Partly cloudy throughout the day.
2024-06-28,79.2,26.4,0,0.0,22.0,9.9,Clear,Becoming cloudy in the afternoon.
2024-06-29,69.4,36.7,0,0.0,10.3,9.9,Clear,Clear conditions throughout the day.
2024-06-30,74.2,49.8,0,0.0,15.0,9.9,Clear,Clear conditions throughout the day.
2024-07-01,75.0,43.5,0,0.0,19.6,9.9,Partially cloudy,Partly cloudy throughout the day.
2024-07-02,74.7,35.6,100,0.0,19.7,9.9,"Rain, Partially cloudy",Partly cloudy throughout the day with early morning rain.
2024-07-03,74.6,26.8,0,0.0,17.3,9.9,Clear,Clear conditions throughout the day.
2024-07-04,67.0,37.4,0,0.0,10.4,9.9,Clear,Clear conditions throughout the day.
2024-07-05,67.7,33.0,100,0.0,9.2,9.9,Rain,Clear conditions throughout the day with morning rain.
2024-07-06,76.0,22.8,0,0.0,15.8,9.9,Clear,Clear conditions throughout the day.
2024-07-07,65.1,49.2,100,0.0,19.3,9.9,"Rain, Partially cloudy",Partly cloudy throughout the day with rain.
2024-07-08,68.2,43.2,0,0.0,5.7,9.9,Clear,Clear conditions throughout the day.
2024-07-09,72.7,31.1,0,0.0,10.0,9.9,Clear,Clear conditions throughout the day.
2024-07-10,76.5,25.6,0,0.0,9.0,9.9,Clear,Clear conditions throughout the day.
2024-07-11,79.9,24.6,0,0.0,9.4,9.9,Clear,Clear conditions throughout the day.
2024-07-12,82.8,24.0,0,0.0,12.7,9.9,Clear,Clear conditions throughout the day.
2024-07-13,81.3,27.9,0,0.0,6.9,9.9,Clear,Clear conditions throughout the day.
2024-07-14,83.4,24.0,0,0.0,10.0,9.9,Clear,Clear conditions throughout the day.
2024-07-15,79.1,34.8,100,0.0,12.3,9.6,"Rain, Partially cloudy",Partly cloudy throughout the day with afternoon rain.
2024-07-16,73.8,44.8,0,0.0,13.9,9.9,Partially cloudy,Partly cloudy throughout the day.
2024-07-17,72.4,41.8,0,0.0,12.8,9.9,Partially cloudy,Becoming cloudy in the afternoon.
2024-07-18,71.8,50.5,0,0.0,10.2,9.9,Clear,Clear conditions throughout the day.
2024-07-19,73.2,39.6,0,0.0,20.0,9.8,Partially cloudy,Partly cloudy throughout the day.
2024-07-20,71.9,47.7,100,0.0,7.6,9.8,"Rain, Partially cloudy",Partly cloudy throughout the day with late afternoon rain.
2024-07-21,68.7,54.6,0,0.0,11.1,9.8,Partially cloudy,Partly cloudy throughout the day.
2024-07-22,70.7,41.4,0,0.0,9.7,9.7,Clear,Clear conditions throughout the day.
2024-07-23,75.1,32.2,0,0.0,9.1,9.4,Clear,Clear conditions throughout the day.
2024-07-24,77.9,28.7,0,0.0,8.7,9.5,Clear,Clear conditions throughout the day.
2024-07-25,80.9,25.7,0,0.0,10.0,9.8,Clear,Clear conditions throughout the day.
2024-07-26,76.5,36.2,0,0.0,14.0,9.8,Partially cloudy,Becoming cloudy in the afternoon.
2024-07-27,75.2,47.6,0,0.0,9.2,9.8,Clear,Clear conditions throughout the day.
2024-07-28,77.8,35.5,0,0.0,17.8,9.8,Clear,Clear conditions throughout the day.
2024-07-29,80.7,24.1,0,0.0,9.7,9.8,Clear,Clear conditions throughout the day.
2024-07-30,84.9,14.6,0,0.0,12.7,9.8,Clear,Clear conditions throughout the day.
2024-07-31,80.5,20.1,0,0.0,9.3,9.7,Clear,Clear conditions throughout the day.
2024-08-01,79.5,27.7,0,0.0,7.9,9.2,Clear,Clear conditions throughout the day.
2024-08-02,81.2,28.8,0,0.0,12.7,9.8,Clear,Clear conditions throughout the day.
2024-08-03,80.2,28.4,0,0.0,11.1,9.7,Clear,Clear conditions throughout the day.
2024-08-04,79.6,30.9,0,0.0,19.5,9.7,Clear,Clear conditions throughout the day.
2024-08-05,79.1,36.4,0,0.0,16.6,9.8,Clear,Clear conditions throughout the day.
2024-08-06,75.9,47.4,100,0.0,15.8,9.6,Rain,Clear conditions throughout the day with afternoon rain.
2024-08-07,75.6,45.3,100,0.0,14.9,9.8,Rain,Clear conditions throughout the day with afternoon rain.
2024-08-08,60.9,93.2,100,0.0,11.0,5.7,"Rain, Partially cloudy",Partly cloudy throughout the day with rain in the morning and afternoon.
2024-08-09,60.1,90.7,0,0.0,9.1,7.7,Partially cloudy,Partly cloudy throughout the day.
2024-08-10,65.4,75.2,100,0.0,25.4,7.2,"Rain, Partially cloudy",Partly cloudy throughout the day with afternoon rain.
2024-08-11,71.0,55.3,0,0.0,16.7,9.7,Partially cloudy,Clearing in the afternoon.
2024-08-12,73.1,52.1,0,0.0,11.3,9.7,Clear,Clear conditions throughout the day.
2024-08-13,69.3,72.2,100,0.0,11.6,9.7,"Rain, Partially cloudy",Becoming cloudy in the afternoon with afternoon rain.
2024-08-14,70.9,54.1,0,0.0,11.0,9.8,Partially cloudy,Becoming cloudy in the afternoon.
2024-08-15,72.6,35.0,100,0.0,11.1,9.8,Rain,Clear conditions throughout the day with late afternoon rain.
2024-08-16,73.2,53.1,100,0.0,7.9,9.8,Rain,Clear conditions throughout the day with early morning rain.
2024-08-17,78.8,28.7,0,0.0,21.8,9.8,Clear,Clear conditions throughout the day.
2024-08-18,80.7,29.8,0,0.0,19.6,9.9,Partially cloudy,Partly cloudy throughout the day.
2024-08-19,75.9,43.8,100,0.0,12.5,9.8,Rain,Clear conditions throughout the day with afternoon rain.
2024-08-20,77.3,42.7,0,0.0,7.9,9.7,Clear,Clear conditions throughout the day.
2024-08-21,78.8,32.3,0,0.0,9.9,9.8,Clear,Clear conditions throughout the day.
2024-08-22,73.6,42.2,0,0.0,13.1,9.8,Partially cloudy,Partly cloudy throughout the day.
2024-08-23,70.9,55.3,100,0.0,7.7,9.8,"Rain, Partially cloudy",Becoming cloudy in the afternoon with afternoon rain.
2024-08-24,72.5,54.1,100,0.0,18.5,9.7,Rain,Clear conditions throughout the day with afternoon rain.
2024-08-25,73.5,45.9,100,0.0,14.8,9.8,"Rain, Partially cloudy",Partly cloudy throughout the day with late afternoon rain.
2024-08-26,68.9,62.4,0,0.0,9.3,9.8,Clear,Clear conditions throughout the day.
2024-08-27,71.5,36.4,0,0.0,11.5,9.9,Clear,Clear conditions throughout the day.
2024-08-28,74.8,34.2,0,0.0,9.2,9.9,Clear,Clear conditions throughout the day.
2024-08-29,72.1,30.8,0,0.0,11.8,9.9,Clear,Clear conditions throughout the day.
2024-08-30,69.6,37.5,0,0.0,8.0,9.9,Clear,Clear conditions throughout the day.
2024-08-31,72.3,28.6,0,0.0,7.0,9.9,Clear,Clear conditions throughout the day.
2024-09-01,73.4,26.5,0,0.0,8.0,9.9,Clear,Clear conditions throughout the day.
2024-09-02,71.8,27.1,11,0.0,8.1,10.1,Partially cloudy,Partly cloudy throughout the day.
2024-09-03,72.5,30.9,22,0.0,9.2,10.1,Partially cloudy,Partly cloudy throughout the day.
